"Name","Count","ContUpdate","MaxDeltaMin","Verdict"
"102017,  31809_focusCurve.txt","2","0","-612087","Write-once"
"102017,  57009_focusCurve.txt","2","0","-612087","Write-once"
"108317,  19209_focusCurve.txt","3","0","-662191","Write-once"
"108317,  50709_focusCurve.txt","3","0","-662191","Write-once"
"108317,  82209_focusCurve.txt","5","0","-612088","Write-once"
"108317, 126309_focusCurve.txt","3","0","-662191","Write-once"
"108317, 157809_focusCurve.txt","3","0","-612088","Write-once"
"108317, 183009_focusCurve.txt","3","0","-662191","Write-once"
"108317, 233409_focusCurve.txt","2","0","-612088","Write-once"
"108317, 290109_focusCurve.txt","3","0","-662191","Write-once"
"114617, 101109_focusCurve.txt","2","0","-612088","Write-once"
"114617, 214509_focusCurve.txt","3","0","-612088","Write-once"
"114617, 264909_focusCurve.txt","3","0","-662191","Write-once"
"114617, 283809_focusCurve.txt","2","0","-612087","Write-once"
"120917, 126309_focusCurve.txt","3","0","-612088","Write-once"
"120917, 189309_focusCurve.txt","3","0","-612088","Write-once"
"120917, 233409_focusCurve.txt","3","0","-662191","Write-once"
"120917, 264909_focusCurve.txt","2","0","-612087","Write-once"
"127217, 107409_focusCurve.txt","3","0","-662191","Write-once"
"127217, 201909_focusCurve.txt","3","0","-662191","Write-once"
"133517,  12909_focusCurve.txt","3","0","-662191","Write-once"
"133517,  25509_focusCurve.txt","2","0","-612087","Write-once"
"133517,  38109_focusCurve.txt","3","0","-662191","Write-once"
"133517,  44409_focusCurve.txt","2","0","-612087","Write-once"
"133517,  69609_focusCurve.txt","3","0","-662191","Write-once"
"133517, 138909_focusCurve.txt","6","0","-612088","Write-once"
"133517, 170409_focusCurve.txt","3","0","-662191","Write-once"
"133517, 176709_focusCurve.txt","3","0","-612088","Write-once"
"133517, 246009_focusCurve.txt","2","0","-612088","Write-once"
"133517, 296409_focusCurve.txt","3","0","-662191","Write-once"
"13817, 145209_focusCurve.txt","3","0","-662191","Write-once"
"13817, 170409_focusCurve.txt","3","0","-662191","Write-once"
"139817,  69609_focusCurve.txt","2","0","-612088","Write-once"
"139817, 227109_focusCurve.txt","3","0","-612088","Write-once"
"139817, 290109_focusCurve.txt","2","0","-612087","Write-once"
"146117,  12909_focusCurve.txt","3","0","-662191","Write-once"
"146117,  88509_focusCurve.txt","2","0","-612088","Write-once"
"146117, 107409_focusCurve.txt","3","0","-612088","Write-once"
"146117, 208209_focusCurve.txt","3","0","-612088","Write-once"
"146117, 239709_focusCurve.txt","3","0","-662191","Write-once"
"146117, 271209_focusCurve.txt","3","0","-662191","Write-once"
"152417,  94809_focusCurve.txt","3","0","-662191","Write-once"
"152417, 126309_focusCurve.txt","3","0","-662191","Write-once"
"152417, 151509_focusCurve.txt","3","0","-662191","Write-once"
"152417, 183009_focusCurve.txt","3","0","-662191","Write-once"
"152417, 214509_focusCurve.txt","3","0","-662191","Write-once"
"152417, 271209_focusCurve.txt","2","0","-612087","Write-once"
"152417, 296409_focusCurve.txt","3","0","-662191","Write-once"
"158717,  19209_focusCurve.txt","2","0","-612087","Write-once"
"158717, 157809_focusCurve.txt","3","0","-612088","Write-once"
"165017,  38109_focusCurve.txt","3","0","-662191","Write-once"
"165017,  44409_focusCurve.txt","2","0","-612087","Write-once"
"165017,  63309_focusCurve.txt","2","0","-612088","Write-once"
"165017,  69609_focusCurve.txt","3","0","-662191","Write-once"
"165017, 132609_focusCurve.txt","3","0","-612088","Write-once"
"165017, 183009_focusCurve.txt","3","0","-612088","Write-once"
"165017, 252309_focusCurve.txt","2","0","-612088","Write-once"
"171317,  12909_focusCurve.txt","3","0","-662191","Write-once"
"171317, 107409_focusCurve.txt","3","0","-612088","Write-once"
"171317, 208209_focusCurve.txt","3","0","-612088","Write-once"
"171317, 227109_focusCurve.txt","3","0","-612088","Write-once"
"171317, 290109_focusCurve.txt","2","0","-612087","Write-once"
"177617,  88509_focusCurve.txt","2","0","-612088","Write-once"
"177617, 138909_focusCurve.txt","3","0","-662191","Write-once"
"177617, 170409_focusCurve.txt","3","0","-662191","Write-once"
"177617, 239709_focusCurve.txt","3","0","-662191","Write-once"
"177617, 271209_focusCurve.txt","3","0","-662191","Write-once"
"177617, 296409_focusCurve.txt","3","0","-662191","Write-once"
"183917, 107409_focusCurve.txt","3","0","-662191","Write-once"
"183917, 201909_focusCurve.txt","3","0","-662191","Write-once"
"183917, 271209_focusCurve.txt","2","0","-612087","Write-once"
"190217,  25509_focusCurve.txt","2","0","-612087","Write-once"
"190217,  75909_focusCurve.txt","3","0","-662191","Write-once"
"190217, 157809_focusCurve.txt","3","0","-612088","Write-once"
"196517,  19209_focusCurve.txt","3","0","-662191","Write-once"
"196517,  44409_focusCurve.txt","3","0","-662191","Write-once"
"196517,  50709_focusCurve.txt","2","0","-612087","Write-once"
"196517,  75909_focusCurve.txt","2","0","-612088","Write-once"
"196517, 126309_focusCurve.txt","3","0","-612088","Write-once"
"196517, 189309_focusCurve.txt","3","0","-612088","Write-once"
"196517, 246009_focusCurve.txt","2","0","-612088","Write-once"
"196517, 290109_focusCurve.txt","3","0","-662191","Write-once"
"20117, 120009_focusCurve.txt","3","0","-662191","Write-once"
"20117, 151509_focusCurve.txt","2","0","-612087","Write-once"
"20117, 189309_focusCurve.txt","3","0","-662191","Write-once"
"202817, 101109_focusCurve.txt","2","0","-612088","Write-once"
"202817, 126309_focusCurve.txt","3","0","-662191","Write-once"
"202817, 183009_focusCurve.txt","3","0","-662191","Write-once"
"202817, 214509_focusCurve.txt","3","0","-612088","Write-once"
"202817, 227109_focusCurve.txt","3","0","-662191","Write-once"
"202817, 258609_focusCurve.txt","3","0","-662191","Write-once"
"202817, 283809_focusCurve.txt","2","0","-612087","Write-once"
"209117, 157809_focusCurve.txt","3","0","-612088","Write-once"
"215417,  25509_focusCurve.txt","3","0","-662191","Write-once"
"215417,  38109_focusCurve.txt","2","0","-612087","Write-once"
"215417,  94809_focusCurve.txt","3","0","-662191","Write-once"
"215417, 151509_focusCurve.txt","3","0","-662191","Write-once"
"215417, 258609_focusCurve.txt","2","0","-612087","Write-once"
"215417, 283809_focusCurve.txt","3","0","-662191","Write-once"
"221717,  57009_focusCurve.txt","3","0","-662191","Write-once"
"221717,  88509_focusCurve.txt","2","0","-612088","Write-once"
"221717, 132609_focusCurve.txt","2","0","-612088","Write-once"
"221717, 189309_focusCurve.txt","2","0","-612088","Write-once"
"221717, 227109_focusCurve.txt","2","0","-612088","Write-once"
"228017,  31809_focusCurve.txt","3","0","-662191","Write-once"
"228017,  63309_focusCurve.txt","2","0","-612087","Write-once"
"228017, 164109_focusCurve.txt","2","0","-612088","Write-once"
"228017, 201909_focusCurve.txt","3","0","-662191","Write-once"
"228017, 246009_focusCurve.txt","3","0","-662191","Write-once"
"228017, 277509_focusCurve.txt","2","0","-612087","Write-once"
"234317, 120009_focusCurve.txt","3","0","-662191","Write-once"
"234317, 271209_focusCurve.txt","3","0","-662191","Write-once"
"240617,  50709_focusCurve.txt","2","0","-612087","Write-once"
"240617, 113709_focusCurve.txt","2","0","-612088","Write-once"
"240617, 145209_focusCurve.txt","3","0","-662191","Write-once"
"240617, 176709_focusCurve.txt","3","0","-662191","Write-once"
"240617, 201909_focusCurve.txt","2","0","-612088","Write-once"
"240617, 239709_focusCurve.txt","2","0","-612087","Write-once"
"246917,  82209_focusCurve.txt","3","0","-662191","Write-once"
"246917,  88509_focusCurve.txt","2","0","-612087","Write-once"
"253217,  50709_focusCurve.txt","3","0","-662191","Write-once"
"253217, 145209_focusCurve.txt","2","0","-612088","Write-once"
"253217, 176709_focusCurve.txt","2","0","-612088","Write-once"
"253217, 220809_focusCurve.txt","3","0","-662191","Write-once"
"253217, 258609_focusCurve.txt","5","0","-612087","Write-once"
"259517, 107409_focusCurve.txt","3","0","-662191","Write-once"
"259517, 208209_focusCurve.txt","2","0","-612087","Write-once"
"26417, 101109_focusCurve.txt","3","0","-662191","Write-once"
"26417, 120009_focusCurve.txt","2","0","-612087","Write-once"
"26417, 176709_focusCurve.txt","2","0","-612087","Write-once"
"26417, 214509_focusCurve.txt","3","0","-662191","Write-once"
"265817,  63309_focusCurve.txt","3","0","-662191","Write-once"
"265817,  69609_focusCurve.txt","2","0","-612087","Write-once"
"265817, 113709_focusCurve.txt","2","0","-612087","Write-once"
"265817, 195609_focusCurve.txt","3","0","-662191","Write-once"
"265817, 239709_focusCurve.txt","3","0","-662191","Write-once"
"272117, 132609_focusCurve.txt","3","0","-662191","Write-once"
"272117, 145209_focusCurve.txt","2","0","-612087","Write-once"
"272117, 164109_focusCurve.txt","3","0","-662191","Write-once"
"272117, 176709_focusCurve.txt","2","0","-612087","Write-once"
"272117, 233409_focusCurve.txt","2","0","-612087","Write-once"
"278417,  88509_focusCurve.txt","3","0","-662191","Write-once"
"278417,  94809_focusCurve.txt","2","0","-612087","Write-once"
"278417, 220809_focusCurve.txt","3","0","-662191","Write-once"
"284717, 208209_focusCurve.txt","2","0","-612087","Write-once"
"291017, 107409_focusCurve.txt","3","0","-662191","Write-once"
"291017, 120009_focusCurve.txt","2","0","-612087","Write-once"
"291017, 183009_focusCurve.txt","2","0","-612087","Write-once"
"291017, 201909_focusCurve.txt","3","0","-662191","Write-once"
"297317, 132609_focusCurve.txt","3","0","-662191","Write-once"
"297317, 151509_focusCurve.txt","5","0","-612087","Write-once"
"297317, 176709_focusCurve.txt","3","0","-662191","Write-once"
"32717, 208209_focusCurve.txt","2","0","-612087","Write-once"
"39017,  75909_focusCurve.txt","3","0","-662191","Write-once"
"39017,  94809_focusCurve.txt","2","0","-612087","Write-once"
"39017, 145209_focusCurve.txt","3","0","-662191","Write-once"
"39017, 176709_focusCurve.txt","3","0","-662191","Write-once"
"39017, 233409_focusCurve.txt","3","0","-662191","Write-once"
"45317, 113709_focusCurve.txt","3","0","-662191","Write-once"
"45317, 138909_focusCurve.txt","2","0","-612087","Write-once"
"45317, 170409_focusCurve.txt","2","0","-612087","Write-once"
"45317, 233409_focusCurve.txt","2","0","-612087","Write-once"
"51617,  57009_focusCurve.txt","3","0","-662191","Write-once"
"51617, 201909_focusCurve.txt","5","0","-612087","Write-once"
"51617, 252309_focusCurve.txt","3","0","-662191","Write-once"
"57917,  69609_focusCurve.txt","2","0","-612087","Write-once"
"57917,  88509_focusCurve.txt","3","0","-662191","Write-once"
"57917, 107409_focusCurve.txt","2","0","-612087","Write-once"
"64217,  44409_focusCurve.txt","3","0","-662191","Write-once"
"64217, 157809_focusCurve.txt","2","0","-612088","Write-once"
"64217, 227109_focusCurve.txt","3","0","-662191","Write-once"
"64217, 252309_focusCurve.txt","2","0","-612087","Write-once"
"64217, 264909_focusCurve.txt","3","0","-662191","Write-once"
"70517, 126309_focusCurve.txt","2","0","-612088","Write-once"
"70517, 132609_focusCurve.txt","3","0","-662191","Write-once"
"70517, 164109_focusCurve.txt","3","0","-662191","Write-once"
"70517, 189309_focusCurve.txt","2","0","-612088","Write-once"
"70517, 227109_focusCurve.txt","2","0","-612087","Write-once"
"76817,  50709_focusCurve.txt","2","0","-612087","Write-once"
"76817,  75909_focusCurve.txt","2","0","-612087","Write-once"
"76817, 189309_focusCurve.txt","3","0","-662191","Write-once"
"83117,  31809_focusCurve.txt","3","0","-662191","Write-once"
"83117,  63309_focusCurve.txt","3","0","-662191","Write-once"
"83117, 101109_focusCurve.txt","2","0","-612088","Write-once"
"83117, 107409_focusCurve.txt","3","0","-662191","Write-once"
"83117, 214509_focusCurve.txt","2","0","-612088","Write-once"
"83117, 277509_focusCurve.txt","3","0","-662191","Write-once"
"89417, 151509_focusCurve.txt","2","0","-612088","Write-once"
"89417, 252309_focusCurve.txt","5","0","-612087","Write-once"
"89417, 271209_focusCurve.txt","2","0","-612087","Write-once"
"95717, 126309_focusCurve.txt","2","0","-612088","Write-once"
"95717, 151509_focusCurve.txt","3","0","-662191","Write-once"
"95717, 183009_focusCurve.txt","3","0","-612088","Write-once"
"95717, 214509_focusCurve.txt","3","0","-662191","Write-once"
"Alignment_PatFindRtp.txt","40","0","0","Write-once"
"Alignment_PatRes.txt","40","0","0","Write-once"
"Alignment_Stat.txt","40","0","0","Write-once"
"Alignment.ini","42","1","31950","Mixed"
"AlignmentData.ini","76","0","0","Write-once"
"AlignmentNotFound_rtp.txt","8","0","-48657","Write-once"
"AlignmentStatisticsTime.txt","40","0","0","Write-once"
"AlignRtp.ini","42","1","16635","Mixed"
"AQL.ini","13","0","-14212","Write-once"
"Bright-10um.ini","12","0","-662405","Write-once"
"Bright-3_5um.ini","18","0","-662405","Write-once"
"Bright-5um.ini","12","0","-662405","Write-once"
"Bumps.dat","3","0","-631954","Write-once"
"bumps.ini","2","0","-631954","Write-once"
"CadReferenceMetaData.xml","2","0","-48659","Write-once"
"CadSegmentCleanReference.json","1","0","-74920","Write-once"
"CadtoJobRecipe.xml","4","0","-48660","Write-once"
"CCS bump.ini","1","0","-649532","Write-once"
"CcsLocalMeas.ini","19","0","-15577","Write-once"
"CcsSetup.xml","1","0","-17029","Write-once"
"CleanReferenceConfiguration.ini","4","0","-17089","Write-once"
"CleanReferenceFinalParams.ini","41","0","-15572","Write-once"
"config.ini","40","1","16635","Mixed"
"CreateReference3dOptions.ini","42","0","0","Write-once"
"CTWRepeatabilityReport.xml","6","0","-2841058","Write-once"
"CurrWaferSurfaceInterpolation.ini","14","0","-588132","Write-once"
"CurrWaferSurfaceInterpolation.md","17","0","-588136","Write-once"
"Dark-10um.ini","12","0","-662405","Write-once"
"Dark-3_5um.ini","18","0","-662405","Write-once"
"Dark-5um.ini","18","0","-662405","Write-once"
"DefaultAlign.ini","1","0","-9362977","Write-once"
"DefaultWafer2Table.ini","49","0","-15572","Write-once"
"DefaultWaferSurfaceInterpolation.ini","5","0","-588136","Write-once"
"DefaultWaferSurfaceInterpolation.md","8","0","-588136","Write-once"
"DefectsClustering.ini","25","1","60906","Mixed"
"DiceInCad.xml","2","0","-48660","Write-once"
"DiceInstances.xml","4","0","-48659","Write-once"
"Die.ini","42","0","-15574","Write-once"
"DieAlignment.dat_block.ini","57","1","16636","Mixed"
"DieImageToTable.ini","37","0","-15576","Write-once"
"DieMapAlignRes.dat_block.ini","17","0","-15572","Write-once"
"DieMapping.txt","1","0","-9362977","Write-once"
"DieMapRegPos.txt","71","0","-15573","Write-once"
"DieOffset.txt","1","0","-9362977","Write-once"
"DieReferenceLocation.json","5","0","-17029","Write-once"
"DieRefToTrain.txt","37","0","-15574","Write-once"
"DieRegPos.txt","124","0","-17327","Write-once"
"DieRegPosInCad.txt","58","0","-48659","Write-once"
"EBR1.ini","1","0","-630538","Write-once"
"EBR2.ini","1","0","-630538","Write-once"
"EBRInspectionParameters.xml","1","0","-630542","Write-once"
"edge.ini","1","0","-630538","Write-once"
"ExternalCoordSystems.ini","42","0","-15577","Write-once"
"FocusMapping.ini","27","1","29","Mixed"
"FocusMappingDebug_AllMags.txt","1","0","-588132","Write-once"
"FocusMappingDebug_Default.txt","3","0","-611979","Write-once"
"FocusMappingDebug_x5.txt","6","0","-612087","Write-once"
"FocusModel.ini","6","0","-588136","Write-once"
"FocusPointsForScan.xml","6","0","-588136","Write-once"
"FrameToChuck.ini","37","0","-15576","Write-once"
"GlobalRTP.ini","39","0","-14208","Write-once"
"ImageProcessing.log","19","0","-15573","Write-once"
"Job.dat","19","0","-4444602","Write-once"
"JobIllumLimits.ini","27","1","82124","Mixed"
"manifest.json","24","0","1","Write-once"
"ManualMasking.xml","1","0","-630542","Write-once"
"ManualScannedSites.xml","3","0","-631951","Write-once"
"Metadata.ini","86","2","17214","Mixed"
"MultiLightChannels.ini","1","0","-1305921","Write-once"
"MultiRecipe.ini","25","1","62038","Mixed"
"OpticPreset.ini","41","2","16145","Mixed"
"OpticsPreset.ini","50","2","37558","Mixed"
"OpticToVCamStorage.json","25","1","6869","Mixed"
"Overlay_OVL1.ini","1","0","-392618","Write-once"
"Overlay_OVL2.ini","1","0","-392618","Write-once"
"OverlayScan.ini","11","0","-15577","Write-once"
"Pad.ini","1","1","3833","Continuously updated"
"Params_AlignRTP.ini","19","0","-15573","Write-once"
"Params_SystemInfo.ini","19","0","-15573","Write-once"
"Params_WaferInfo.ini","19","0","-15573","Write-once"
"PostProcess.ini","42","0","-14208","Write-once"
"Prob.ini","1","0","-588249","Write-once"
"ProductInfo.ini","42","4","89082","Mixed"
"ProductionInfo.ini","22","1","62060","Mixed"
"RDL.ini","1","0","-588249","Write-once"
"Recipe.ini","42","3","31947","Mixed"
"RecipeScanRestriction.ini","1","0","-996236","Write-once"
"RecipesInfo.ini","4","0","-662012","Write-once"
"ReferencesInfo.json","11","0","0","Write-once"
"RTP.txt","39","0","-14208","Write-once"
"s_Bumps.dat.md","3","0","-414714","Write-once"
"s_FrameData.dat.md","6","0","-15572","Write-once"
"s_Height.dat.md","3","0","-414714","Write-once"
"s_Prob.dat.md","3","0","-414714","Write-once"
"SamplingMetrology.ini","13","0","-15577","Write-once"
"Scan Area.ini","38","0","-14208","Write-once"
"ScanArea.ini","4","0","-48649","Write-once"
"ScanAreaVectorInfo.csv","1","0","-48650","Write-once"
"ScanCondition.ini","8","0","-17312","Write-once"
"ScanCTS_1.xml","3","0","-631951","Write-once"
"ScanOverlapLog.txt","41","1","16635","Mixed"
"ScanOverlapLog3d.txt","1","0","-512663","Write-once"
"ScanOverviewImage_Recipes-1.txt","1","0","-631973","Write-once"
"ScanOverviewImage_Recipes-AllMags.txt","1","0","-588264","Write-once"
"ScanOverviewImage_Recipes-Default.txt","2","0","-1062709","Write-once"
"ScanOverviewImage_Recipes-R1.txt","6","0","-17323","Write-once"
"ScanOverviewImage_Recipes-x10.txt","1","0","-77531","Write-once"
"ScanOverviewImage_Recipes-X2.5.txt","1","0","-15572","Write-once"
"ScanOverviewImage_Recipes-x5.txt","1","0","-77550","Write-once"
"ScenarioMetadataGrab.xml","20","0","-77513","Write-once"
"ScenariosMetadatas.ini","41","1","6869","Mixed"
"Scripts.ini","6","0","-2858209","Write-once"
"SetupSummary.xml","5","0","-631949","Write-once"
"Sites.xml","3","0","-631954","Write-once"
"SitesInWafer.xml","3","0","-662249","Write-once"
"Solder.ini","1","0","-588249","Write-once"
"status.ini","1","1","181675","Continuously updated"
"TilePoolData.xml","1","0","-5688099","Write-once"
"TNESetup.ini","1","0","-630533","Write-once"
"TransactionsHistory.ini","41","0","-15572","Write-once"
"Transitions.xml","1","0","-611967","Write-once"
"UniqueArea.ini","42","0","-15577","Write-once"
"UniqueResultTypeIds.ini","1","0","-392620","Write-once"
"VcamInstallerGuid.txt","18","0","-588124","Write-once"
"Wafer2Table_LastKnown.ini","18","0","-4602257","Write-once"
"Wafer2Table.ini","49","2","83419","Mixed"
"WaferDataReadSettings.xml","42","0","0","Write-once"
"Waferinfo.ini","42","4","33254","Mixed"
"WaferManualAlign_PatFindRtp.txt","6","0","-1169390","Write-once"
"WaferManualAlign_PatRes.txt","6","0","-1169390","Write-once"
"WaferManualAlign_Stat.txt","6","0","-1169390","Write-once"
"WaferMapRecipe.ini","44","2","16144","Mixed"
"WaferToRefWafer.ini","13","0","-17302","Write-once"
"WLUP_Align_PatFindRtp.txt","1","0","-499675","Write-once"
"WLUP_Align_PatRes.txt","1","0","-499675","Write-once"
"WLUP_Align_Stat.txt","1","0","-499675","Write-once"
"WLUP.txt","3","0","-499675","Write-once"
"zones.ini","159","0","-15571","Write-once"
"zones.txt","153","0","-15571","Write-once"
"zonesInCad.txt","58","0","-48659","Write-once"
"ZonesVectorInfo.csv","21","0","-588251","Write-once"
"ZoneVerifyOptics.ini","18","0","-1169358","Write-once"
"ZoomLevels.ini","360","0","-15574","Write-once"
